Name;Extension;Date accessed;Date modified;Date created;Folder Path
build.xml;.xml;15/11/2016 8:46;14/12/2016 17:47;15/11/2016 8:46;C:\Users\gokud\OneDrive\Documentos\GitHub\ejercicio\GestorAlquiler1.Aplicación\
libretaAlquileres.csv;.csv;14/12/2016 19:34;15/12/2016 11:26;14/12/2016 19:34;C:\Users\gokud\OneDrive\Documentos\GitHub\ejercicio\GestorAlquiler1.Aplicación\
libretaCoches.csv;.csv;17/11/2016 9:57;14/12/2016 12:07;17/11/2016 9:57;C:\Users\gokud\OneDrive\Documentos\GitHub\ejercicio\GestorAlquiler1.Aplicación\
libretaContactos.csv;.csv;17/11/2016 9:20;14/12/2016 19:15;17/11/2016 9:20;C:\Users\gokud\OneDrive\Documentos\GitHub\ejercicio\GestorAlquiler1.Aplicación\
manifest.mf;.mf;15/11/2016 8:46;15/11/2016 8:46;15/11/2016 8:46;C:\Users\gokud\OneDrive\Documentos\GitHub\ejercicio\GestorAlquiler1.Aplicación\
built-jar.properties;.properties;22/11/2016 22:02;22/11/2016 22:02;22/11/2016 22:02;C:\Users\gokud\OneDrive\Documentos\GitHub\ejercicio\GestorAlquiler1.Aplicación\build\
.netbeans_automatic_build;.netbeans_automatic_build;22/11/2016 22:02;22/11/2016 22:02;22/11/2016 22:02;C:\Users\gokud\OneDrive\Documentos\GitHub\ejercicio\GestorAlquiler1.Aplicación\build\classes\
.netbeans_update_resources;.netbeans_update_resources;22/11/2016 22:02;22/11/2016 22:02;22/11/2016 22:02;C:\Users\gokud\OneDrive\Documentos\GitHub\ejercicio\GestorAlquiler1.Aplicación\build\classes\
GestorAlquiler1Aplicación.class;.class;14/12/2016 19:48;14/12/2016 19:48;22/11/2016 22:02;C:\Users\gokud\OneDrive\Documentos\GitHub\ejercicio\GestorAlquiler1.Aplicación\build\classes\gestoralquiler1\aplicación\
MenuPrincipal.class;.class;14/12/2016 19:48;14/12/2016 19:48;14/12/2016 11:03;C:\Users\gokud\OneDrive\Documentos\GitHub\ejercicio\GestorAlquiler1.Aplicación\build\classes\Menu\
build-impl.xml;.xml;15/11/2016 8:46;14/12/2016 17:47;15/11/2016 8:46;C:\Users\gokud\OneDrive\Documentos\GitHub\ejercicio\GestorAlquiler1.Aplicación\nbproject\
genfiles.properties;.properties;15/11/2016 8:46;14/12/2016 17:47;15/11/2016 8:46;C:\Users\gokud\OneDrive\Documentos\GitHub\ejercicio\GestorAlquiler1.Aplicación\nbproject\
project.properties;.properties;15/11/2016 8:46;14/12/2016 17:47;15/11/2016 8:46;C:\Users\gokud\OneDrive\Documentos\GitHub\ejercicio\GestorAlquiler1.Aplicación\nbproject\
project.xml;.xml;15/11/2016 8:46;14/12/2016 17:47;15/11/2016 8:46;C:\Users\gokud\OneDrive\Documentos\GitHub\ejercicio\GestorAlquiler1.Aplicación\nbproject\
private.properties;.properties;15/11/2016 8:46;15/11/2016 8:46;15/11/2016 8:46;C:\Users\gokud\OneDrive\Documentos\GitHub\ejercicio\GestorAlquiler1.Aplicación\nbproject\private\
private.xml;.xml;16/11/2016 8:27;14/12/2016 12:23;16/11/2016 8:27;C:\Users\gokud\OneDrive\Documentos\GitHub\ejercicio\GestorAlquiler1.Aplicación\nbproject\private\
GestorAlquiler1Aplicación.java;.java;15/11/2016 8:46;14/12/2016 17:25;15/11/2016 8:46;C:\Users\gokud\OneDrive\Documentos\GitHub\ejercicio\GestorAlquiler1.Aplicación\src\gestoralquiler1\aplicación\
MenuPrincipal.java;.java;14/12/2016 11:00;14/12/2016 18:47;14/12/2016 11:00;C:\Users\gokud\OneDrive\Documentos\GitHub\ejercicio\GestorAlquiler1.Aplicación\src\Menu\
